{"cameraMode":{"drawMode":0,"name":"Shaded","section":"Shading Mode"},"sceneLighting":true,"audioPlay":false,"sceneViewState":{"m_AlwaysRefresh":false,"showFog":true,"showSkybox":true,"showFlares":true,"showImageEffects":true,"showParticleSystems":true,"showVisualEffectGraphs":true,"m_FxEnabled":true},"in2DMode":false,"pivot":{"x":-0.22705233097076417,"y":11.550283432006836,"z":24.31680679321289},"rotation":{"x":-0.06325938552618027,"y":-0.01587078906595707,"z":0.0010062003275379539,"w":-0.997873842716217},"size":26.876861572265626,"orthographic":false}